LOCPOST;timestamp;total_rows;reconstructed_rows;volume_TOTAL;volume_PW;volume_VR;volume_PAE;vol_rec_total;vol_rec_kl_gaten;vol_rec_geslvak;vol_rec_typed;avg_availability;pct_rows_reconstructed;pct_vol_reconstructed;pct_vol_reco_kl_gaten;pct_vol_reco_geslvak;pct_vol_reco_typed
101802;2026-03-25;1;1;32262;23941;8321;40583.0;0.0;0.0;0.0;0.0;100.0;100.0;0.0;0.0;0.0;0.0
101901;2026-03-25;1;1;24719;14809;9910;34629.0;0.0;0.0;0.0;0.0;100.0;100.0;0.0;0.0;0.0;0.0
101902;2026-03-25;1;1;25454;15229;10225;35679.0;0.0;0.0;0.0;0.0;100.0;100.0;0.0;0.0;0.0;0.0
101905;2026-03-25;1;1;4191;1339;2852;7043.0;0.0;0.0;0.0;0.0;100.0;100.0;0.0;0.0;0.0;0.0
101906;2026-03-25;1;0;1300;676;624;1924.0;0.0;0.0;0.0;0.0;100.0;0.0;0.0;0.0;0.0;0.0
101907;2026-03-25;1;0;3209;1930;1279;4488.0;0.0;0.0;0.0;0.0;100.0;0.0;0.0;0.0;0.0;0.0
101908;2026-03-25;1;1;4355;1016;3339;7694.0;0.0;0.0;0.0;0.0;100.0;100.0;0.0;0.0;0.0;0.0
102103;2026-03-25;1;1;23648;14277;9371;33019.0;945.9200000000001;0.0;0.0;945.9200000000001;100.0;100.0;4.0;0.0;0.0;4.0
102104;2026-03-25;1;1;23078;13455;9623;32701.0;923.12;0.0;923.12;0.0;100.0;100.0;4.0;0.0;4.0;0.0
107006;2026-03-25;1;1;13691;8144;5547;19238.0;136.91;136.91;0.0;0.0;100.0;100.0;1.0;1.0;0.0;0.0
107081;2026-03-25;1;0;12675;7675;5000;17675.0;0.0;0.0;0.0;0.0;100.0;0.0;0.0;0.0;0.0;0.0
107082;2026-03-25;1;0;10095;6662;3433;13528.0;0.0;0.0;0.0;0.0;100.0;0.0;0.0;0.0;0.0;0.0
107083;2026-03-25;1;1;9172;5882;3290;12462.0;0.0;0.0;0.0;0.0;100.0;100.0;0.0;0.0;0.0;0.0
107091;2026-03-25;1;1;9620;6523;3097;12717.0;96.2;96.2;0.0;0.0;100.0;100.0;1.0;1.0;0.0;0.0
107092;2026-03-25;1;1;16105;13027;3078;19183.0;161.05;161.05;0.0;0.0;100.0;100.0;1.0;1.0;0.0;0.0
107093;2026-03-25;1;1;16608;13326;3282;19890.0;0.0;0.0;0.0;0.0;100.0;100.0;0.0;0.0;0.0;0.0
107095;2026-03-25;1;1;9661;6527;3134;12795.0;0.0;0.0;0.0;0.0;100.0;100.0;0.0;0.0;0.0;0.0
107097;2026-03-25;1;1;9424;7028;2396;11820.0;1130.8799999999999;1130.8799999999999;0.0;0.0;100.0;100.0;12.0;12.0;0.0;0.0
111705;2026-03-25;1;1;7606;6489;1117;8723.0;0.0;0.0;0.0;0.0;100.0;100.0;0.0;0.0;0.0;0.0
111708;2026-03-25;1;1;7714;6451;1263;8977.0;77.14;77.14;0.0;0.0;100.0;100.0;1.0;1.0;0.0;0.0
111791;2026-03-25;1;1;18412;12693;5719;24131.0;184.12;184.12;0.0;0.0;100.0;100.0;1.0;1.0;0.0;0.0
111792;2026-03-25;1;1;18335;13065;5270;23605.0;183.35;183.35;0.0;0.0;100.0;100.0;1.0;1.0;0.0;0.0
112806;2026-03-25;1;0;3706;2140;1566;5272.0;0.0;0.0;0.0;0.0;100.0;0.0;0.0;0.0;0.0;0.0
112807;2026-03-25;1;1;1825;1126;699;2524.0;1825.0;0.0;0.0;1825.0;100.0;100.0;100.0;0.0;0.0;100.0
112808;2026-03-25;1;1;7958;6389;1569;9527.0;0.0;0.0;0.0;0.0;100.0;100.0;0.0;0.0;0.0;0.0
112891;2026-03-25;1;1;20785;14952;5833;26618.0;20785.0;0.0;0.0;20785.0;100.0;100.0;100.0;0.0;0.0;100.0
112892;2026-03-25;1;0;20659;14851;5808;26467.0;0.0;0.0;0.0;0.0;100.0;0.0;0.0;0.0;0.0;0.0
112905;2026-03-25;1;1;12872;8524;4348;17220.0;0.0;0.0;0.0;0.0;100.0;100.0;0.0;0.0;0.0;0.0
112906;2026-03-25;1;1;9064;5568;3496;12560.0;1268.96;0.0;1268.96;0.0;100.0;100.0;14.0;0.0;14.0;0.0
112908;2026-03-25;1;1;13320;9399;3921;17241.0;0.0;0.0;0.0;0.0;100.0;100.0;0.0;0.0;0.0;0.0
112951;2026-03-25;1;0;5614;4648;966;6580.0;0.0;0.0;0.0;0.0;100.0;0.0;0.0;0.0;0.0;0.0
112952;2026-03-25;1;0;2982;2099;883;3865.0;0.0;0.0;0.0;0.0;100.0;0.0;0.0;0.0;0.0;0.0
112991;2026-03-25;1;1;13512;10474;3038;16550.0;0.0;0.0;0.0;0.0;100.0;100.0;0.0;0.0;0.0;0.0
127401;2026-03-25;1;1;18193;9502;8691;26884.0;0.0;0.0;0.0;0.0;100.0;100.0;0.0;0.0;0.0;0.0
127402;2026-03-25;1;0;7211;5212;1999;9210.0;0.0;0.0;0.0;0.0;100.0;0.0;0.0;0.0;0.0;0.0
127403;2026-03-25;1;1;3515;2428;1087;4602.0;351.5;0.0;0.0;351.5;100.0;100.0;10.0;0.0;0.0;10.0
127404;2026-03-25;1;1;17641;9587;8054;25695.0;0.0;0.0;0.0;0.0;100.0;100.0;0.0;0.0;0.0;0.0
127405;2026-03-25;1;1;6923;5242;1681;8604.0;0.0;0.0;0.0;0.0;100.0;100.0;0.0;0.0;0.0;0.0
127406;2026-03-25;1;0;4207;2796;1411;5618.0;0.0;0.0;0.0;0.0;100.0;0.0;0.0;0.0;0.0;0.0
127407;2026-03-25;1;1;25775;15114;10661;36436.0;257.75;257.75;0.0;0.0;100.0;100.0;1.0;1.0;0.0;0.0
127408;2026-03-25;1;1;22018;12464;9554;31572.0;0.0;0.0;0.0;0.0;100.0;100.0;0.0;0.0;0.0;0.0
128601;2026-03-25;1;1;23345;16065;7280;30625.0;700.35;700.35;0.0;0.0;100.0;100.0;3.0;3.0;0.0;0.0
128602;2026-03-25;1;1;23863;15556;8307;32170.0;0.0;0.0;0.0;0.0;100.0;100.0;0.0;0.0;0.0;0.0
128603;2026-03-25;1;0;5689;5240;449;6138.0;0.0;0.0;0.0;0.0;100.0;0.0;0.0;0.0;0.0;0.0
128604;2026-03-25;1;0;2738;2488;250;2988.0;0.0;0.0;0.0;0.0;100.0;0.0;0.0;0.0;0.0;0.0
128605;2026-03-25;1;0;2284;2132;152;2436.0;0.0;0.0;0.0;0.0;100.0;0.0;0.0;0.0;0.0;0.0
128606;2026-03-25;1;0;6044;5393;651;6695.0;0.0;0.0;0.0;0.0;100.0;0.0;0.0;0.0;0.0;0.0
128607;2026-03-25;1;0;344;111;233;577.0;0.0;0.0;0.0;0.0;100.0;0.0;0.0;0.0;0.0;0.0
129001;2026-03-25;1;1;15147;9255;5892;21039.0;0.0;0.0;0.0;0.0;100.0;100.0;0.0;0.0;0.0;0.0
129002;2026-03-25;1;1;14991;9102;5889;20880.0;0.0;0.0;0.0;0.0;100.0;100.0;0.0;0.0;0.0;0.0
129003;2026-03-25;1;1;8603;4808;3795;12398.0;0.0;0.0;0.0;0.0;100.0;100.0;0.0;0.0;0.0;0.0
129004;2026-03-25;1;0;7287;3353;3934;11221.0;0.0;0.0;0.0;0.0;100.0;0.0;0.0;0.0;0.0;0.0
129005;2026-03-25;1;1;6794;3103;3691;10485.0;67.94;67.94;0.0;0.0;100.0;100.0;1.0;1.0;0.0;0.0
129006;2026-03-25;1;0;8373;4958;3415;11788.0;0.0;0.0;0.0;0.0;100.0;0.0;0.0;0.0;0.0;0.0
129007;2026-03-25;1;1;14929;9093;5836;20765.0;0.0;0.0;0.0;0.0;100.0;100.0;0.0;0.0;0.0;0.0
129008;2026-03-25;1;0;14980;9055;5925;20905.0;0.0;0.0;0.0;0.0;100.0;0.0;0.0;0.0;0.0;0.0
129009;2026-03-25;1;1;15197;9248;5949;21146.0;0.0;0.0;0.0;0.0;100.0;100.0;0.0;0.0;0.0;0.0
129010;2026-03-25;1;1;8873;5015;3858;12731.0;0.0;0.0;0.0;0.0;100.0;100.0;0.0;0.0;0.0;0.0
129101;2026-03-25;1;1;20946;13479;7467;28413.0;0.0;0.0;0.0;0.0;100.0;100.0;0.0;0.0;0.0;0.0
129102;2026-03-25;1;1;19801;12704;7097;26898.0;594.03;0.0;0.0;594.03;100.0;100.0;3.0;0.0;0.0;3.0
129103;2026-03-25;1;0;2525;1102;1423;3948.0;0.0;0.0;0.0;0.0;100.0;0.0;0.0;0.0;0.0;0.0
129104;2026-03-25;1;1;2524;751;1773;4297.0;2524.0;0.0;0.0;2524.0;100.0;100.0;100.0;0.0;0.0;100.0
129105;2026-03-25;1;0;2706;753;1953;4659.0;0.0;0.0;0.0;0.0;100.0;0.0;0.0;0.0;0.0;0.0
129106;2026-03-25;1;1;3362;1705;1657;5019.0;3362.0;0.0;0.0;3362.0;100.0;100.0;100.0;0.0;0.0;100.0
129503;2026-03-25;1;0;3656;3451;205;3861.0;0.0;0.0;0.0;0.0;100.0;0.0;0.0;0.0;0.0;0.0
129504;2026-03-25;1;0;3441;3254;187;3628.0;0.0;0.0;0.0;0.0;100.0;0.0;0.0;0.0;0.0;0.0
129505;2026-03-25;1;1;19133;12926;6207;25340.0;19133.0;0.0;0.0;19133.0;100.0;100.0;100.0;0.0;0.0;100.0
129506;2026-03-25;1;1;20816;13599;7217;28033.0;0.0;0.0;0.0;0.0;100.0;100.0;0.0;0.0;0.0;0.0
153301;2026-03-25;1;1;24215;15730;8485;32700.0;242.15;242.15;0.0;0.0;100.0;100.0;1.0;1.0;0.0;0.0
153302;2026-03-25;1;0;9571;6061;3510;13081.0;0.0;0.0;0.0;0.0;100.0;0.0;0.0;0.0;0.0;0.0
153303;2026-03-25;1;0;12875;8552;4323;17198.0;0.0;0.0;0.0;0.0;100.0;0.0;0.0;0.0;0.0;0.0
153401;2026-03-25;1;1;23829;15459;8370;32199.0;0.0;0.0;0.0;0.0;100.0;100.0;0.0;0.0;0.0;0.0
153402;2026-03-25;1;1;9639;6084;3555;13194.0;0.0;0.0;0.0;0.0;100.0;100.0;0.0;0.0;0.0;0.0
153403;2026-03-25;1;0;12930;8587;4343;17273.0;0.0;0.0;0.0;0.0;100.0;0.0;0.0;0.0;0.0;0.0
153501;2026-03-25;1;1;24252;15268;8984;33236.0;9943.320000000002;485.04;9458.28;0.0;100.0;100.0;41.0;2.0;39.0;0.0
153502;2026-03-25;1;1;24966;14591;10375;35341.0;4743.54;0.0;4743.54;0.0;100.0;100.0;19.0;0.0;19.0;0.0
153601;2026-03-25;1;1;24612;15117;9495;34107.0;0.0;0.0;0.0;0.0;100.0;100.0;0.0;0.0;0.0;0.0
153602;2026-03-25;1;1;25422;14892;10530;35952.0;0.0;0.0;0.0;0.0;100.0;100.0;0.0;0.0;0.0;0.0
153701;2026-03-25;1;1;24712;14873;9839;34551.0;0.0;0.0;0.0;0.0;100.0;100.0;0.0;0.0;0.0;0.0
153801;2026-03-25;1;1;22001;13214;8787;30788.0;220.01;220.01;0.0;0.0;100.0;100.0;1.0;1.0;0.0;0.0
153901;2026-03-25;1;1;22005;12368;9637;31642.0;0.0;0.0;0.0;0.0;100.0;100.0;0.0;0.0;0.0;0.0
153902;2026-03-25;1;1;22573;12357;10216;32789.0;0.0;0.0;0.0;0.0;100.0;100.0;0.0;0.0;0.0;0.0
154001;2026-03-25;1;1;22068;12570;9498;31566.0;220.68;220.68;0.0;0.0;100.0;100.0;1.0;1.0;0.0;0.0
154002;2026-03-25;1;1;22280;12467;9813;32093.0;222.8;222.8;0.0;0.0;100.0;100.0;1.0;1.0;0.0;0.0
154101;2026-03-25;1;1;22919;13659;9260;32179.0;1604.3300000000002;0.0;1604.3300000000002;0.0;100.0;100.0;7.0;0.0;7.0;0.0
154201;2026-03-25;1;1;23559;14006;9553;33112.0;0.0;0.0;0.0;0.0;100.0;100.0;0.0;0.0;0.0;0.0
154202;2026-03-25;1;1;10085;9018;1067;11152.0;0.0;0.0;0.0;0.0;100.0;100.0;0.0;0.0;0.0;0.0
154301;2026-03-25;1;1;23169;14088;9081;32250.0;0.0;0.0;0.0;0.0;100.0;100.0;0.0;0.0;0.0;0.0
154401;2026-03-25;1;1;23027;14117;8910;31937.0;690.81;690.81;0.0;0.0;100.0;100.0;3.0;3.0;0.0;0.0
154501;2026-03-25;1;1;22887;14431;8456;31343.0;228.87;228.87;0.0;0.0;100.0;100.0;1.0;1.0;0.0;0.0
158201;2026-03-25;1;1;19001;15177;3824;22825.0;0.0;0.0;0.0;0.0;100.0;100.0;0.0;0.0;0.0;0.0
159201;2026-03-25;1;1;23534;14300;9234;32768.0;0.0;0.0;0.0;0.0;100.0;100.0;0.0;0.0;0.0;0.0
159202;2026-03-25;1;0;23711;14116;9595;33306.0;0.0;0.0;0.0;0.0;100.0;0.0;0.0;0.0;0.0;0.0
159301;2026-03-25;1;0;23699;14303;9396;33095.0;0.0;0.0;0.0;0.0;100.0;0.0;0.0;0.0;0.0;0.0
159302;2026-03-25;1;1;23787;14074;9713;33500.0;0.0;0.0;0.0;0.0;100.0;100.0;0.0;0.0;0.0;0.0
159401;2026-03-25;1;1;23564;14328;9236;32800.0;0.0;0.0;0.0;0.0;100.0;100.0;0.0;0.0;0.0;0.0
159402;2026-03-25;1;0;23632;14033;9599;33231.0;0.0;0.0;0.0;0.0;100.0;0.0;0.0;0.0;0.0;0.0
159501;2026-03-25;1;1;23071;13044;10027;33098.0;5767.75;0.0;5767.75;0.0;100.0;100.0;25.0;0.0;25.0;0.0
159502;2026-03-25;1;1;25491;15063;10428;35919.0;6372.75;0.0;0.0;6372.75;100.0;100.0;25.0;0.0;0.0;25.0
159601;2026-03-25;1;1;30786;22816;7970;38756.0;0.0;0.0;0.0;0.0;100.0;100.0;0.0;0.0;0.0;0.0
159602;2026-03-25;1;0;1386;840;546;1932.0;0.0;0.0;0.0;0.0;100.0;0.0;0.0;0.0;0.0;0.0
159603;2026-03-25;1;0;1578;1202;376;1954.0;0.0;0.0;0.0;0.0;100.0;0.0;0.0;0.0;0.0;0.0
159701;2026-03-25;1;1;24697;14952;9745;34442.0;0.0;0.0;0.0;0.0;100.0;100.0;0.0;0.0;0.0;0.0
159702;2026-03-25;1;1;25391;15049;10342;35733.0;0.0;0.0;0.0;0.0;100.0;100.0;0.0;0.0;0.0;0.0
159801;2026-03-25;1;0;2076;2039;37;2113.0;0.0;0.0;0.0;0.0;100.0;0.0;0.0;0.0;0.0;0.0
159803;2026-03-25;1;0;30235;22459;7776;38011.0;0.0;0.0;0.0;0.0;100.0;0.0;0.0;0.0;0.0;0.0
159804;2026-03-25;1;1;32158;24143;8015;40173.0;0.0;0.0;0.0;0.0;100.0;100.0;0.0;0.0;0.0;0.0
169601;2026-03-25;1;1;23659;14291;9368;33027.0;0.0;0.0;0.0;0.0;100.0;100.0;0.0;0.0;0.0;0.0
169602;2026-03-25;1;1;23749;14063;9686;33435.0;0.0;0.0;0.0;0.0;100.0;100.0;0.0;0.0;0.0;0.0
169701;2026-03-25;1;0;23580;14224;9356;32936.0;0.0;0.0;0.0;0.0;100.0;0.0;0.0;0.0;0.0;0.0
169702;2026-03-25;1;0;23683;14116;9567;33250.0;0.0;0.0;0.0;0.0;100.0;0.0;0.0;0.0;0.0;0.0
190001;2026-03-25;1;1;6250;4566;1684;7934.0;0.0;0.0;0.0;0.0;100.0;100.0;0.0;0.0;0.0;0.0
190002;2026-03-25;1;0;4007;3574;433;4440.0;0.0;0.0;0.0;0.0;100.0;0.0;0.0;0.0;0.0;0.0
190005;2026-03-25;1;1;22309;14075;8234;30543.0;0.0;0.0;0.0;0.0;100.0;100.0;0.0;0.0;0.0;0.0
190006;2026-03-25;1;1;20364;12986;7378;27742.0;0.0;0.0;0.0;0.0;100.0;100.0;0.0;0.0;0.0;0.0
190101;2026-03-25;1;1;26486;18074;8412;34898.0;0.0;0.0;0.0;0.0;100.0;100.0;0.0;0.0;0.0;0.0
