source_id,road_section_id,timestamp,vehicle_type,volume,volume_err,screening,validation,resolved_volume,resolved_volume_err,relative_diff,relative_diff_err
101802,2538001897,2026-03-25,TOTAL,32262.0,161.31,accepted,verified,32225.586,38.787106,0.0011299737,0.0051483214
101901,3068002224,2026-03-25,TOTAL,24719.0,123.595,accepted,verified,24735.316,34.663494,-0.00065964006,0.005189498
101902,2229003069,2026-03-25,TOTAL,25454.0,127.27,accepted,verified,25429.758,46.70951,0.0009533,0.0053311856
101905,2149003067,2026-03-25,TOTAL,4191.0,20.955,accepted,verified,4188.372,15.672978,0.00062743464,0.006247728
101906,2150004551,2026-03-25,TOTAL,1300.0,6.5,accepted,verified,1300.1093,3.6893966,-8.403365e-05,0.0057487977
101907,3065003487,2026-03-25,TOTAL,3209.0,16.045,accepted,verified,3211.0942,15.600337,-0.0006521884,0.006969226
101908,3070003488,2026-03-25,TOTAL,4355.0,21.775,accepted,verified,4353.5464,8.8853445,0.00033389177,0.0054020504
102103,4172001510,2026-03-25,TOTAL,23648.0,118.24,disputed,verified,23587.838,31.306202,0.0025505563,0.0051854793
102104,1513004412,2026-03-25,TOTAL,23078.0,115.39,disputed,rejected,23661.893,29.654282,-0.024676494,0.00503508
107006,3562000358,2026-03-25,TOTAL,13691.0,68.455,accepted,dismissed,14028.686,206.49265,-0.024071075,0.015507068
107081,3560003556,2026-03-25,TOTAL,12675.0,63.375,accepted,dismissed,12601.001,167.82477,0.0058724717,0.014236341
107082,3559003557,2026-03-25,TOTAL,10095.0,50.475,accepted,dismissed,10028.395,191.44614,0.0066416883,0.019742768
107083,3553000357,2026-03-25,TOTAL,9172.0,45.86,accepted,dismissed,9351.326,143.44644,-0.01917655,0.016104547
107091,3554003555,2026-03-25,TOTAL,9620.0,48.1,accepted,rejected,16592.428,157.24188,-0.42021745,0.009910197
107092,3561003558,2026-03-25,TOTAL,16105.0,80.525,accepted,dismissed,16203.498,225.53159,-0.0060788137,0.014779281
107093,3554003555,2026-03-25,TOTAL,16608.0,83.04,accepted,verified,16592.428,157.24188,0.0009385164,0.010717056
107095,3554003555,2026-03-25,TOTAL,9661.0,48.305,accepted,rejected,16592.428,157.24188,-0.41774645,0.009913819
107097,3554003555,2026-03-25,TOTAL,9424.0,47.12,held,rejected,16592.428,157.24188,-0.43203008,0.009893082
111705,1166001506,2026-03-25,TOTAL,7606.0,38.03,accepted,verified,7595.224,41.95106,0.0014187704,0.007455089
111708,1497001168,2026-03-25,TOTAL,7714.0,38.57,accepted,verified,7725.8877,43.04372,-0.0015386834,0.007480856
111791,1495001505,2026-03-25,TOTAL,18412.0,92.06,accepted,verified,18342.766,63.906006,0.0037744786,0.006109604
111792,1498001504,2026-03-25,TOTAL,18335.0,91.675,accepted,verified,18402.145,59.110416,-0.003648734,0.005927545
112806,2382003064,2026-03-25,TOTAL,3706.0,18.53,accepted,verified,3707.8972,15.279563,-0.0005116692,0.006477311
112807,4540001980,2026-03-25,TOTAL,1825.0,9.125,held,unresolved,,,,
112808,236001981,2026-03-25,TOTAL,7958.0,39.79,accepted,verified,7951.5635,24.593836,0.0008094664,0.00588276
112891,4541002364,2026-03-25,TOTAL,20785.0,103.925,held,dismissed,21039.0,153.0286,-0.012072817,0.008792315
112892,235003063,2026-03-25,TOTAL,20659.0,103.295,accepted,verified,20694.324,43.902096,-0.001706952,0.0054235873
112905,4550004157,2026-03-25,TOTAL,12872.0,64.36,accepted,verified,12884.537,55.832054,-0.0009730353,0.0066127544
112906,4548004545,2026-03-25,TOTAL,9064.0,45.32,held,rejected,9483.736,59.070366,-0.04425854,0.00785057
112908,4547004543,2026-03-25,TOTAL,13320.0,66.6,accepted,verified,13316.504,10.063128,0.0002625384,0.005058082
112951,5621005445,2026-03-25,TOTAL,5614.0,28.07,accepted,verified,5615.3965,10.176873,-0.00024868848,0.005317147
112952,5622003123,2026-03-25,TOTAL,2982.0,14.91,accepted,verified,2982.0,0.0,0.0,0.005
112991,2364005446,2026-03-25,TOTAL,13512.0,67.56,accepted,verified,13520.86,23.421576,-0.00065530976,0.0052884733
127401,2225002229,2026-03-25,TOTAL,18193.0,90.965,accepted,verified,18208.271,5.111976,-0.0008387114,0.0050036884
127402,1002002230,2026-03-25,TOTAL,7211.0,36.055,accepted,verified,7213.3994,4.8942084,-0.00033263292,0.0050441762
127403,2226001619,2026-03-25,TOTAL,3515.0,17.575,held,rejected,4093.9714,51.533707,-0.14142048,0.013299597
127404,2224002228,2026-03-25,TOTAL,17641.0,88.205,accepted,rejected,17779.275,25.18501,-0.0077773356,0.0051593822
127405,2223000999,2026-03-25,TOTAL,6923.0,34.615,accepted,verified,6908.3745,24.50816,0.0021170664,0.0061393357
127406,1138002227,2026-03-25,TOTAL,4207.0,21.035,accepted,verified,4212.1997,13.61403,-0.0012344398,0.005948483
127407,2229003069,2026-03-25,TOTAL,25775.0,128.875,accepted,rejected,25429.758,46.70951,0.013576306,0.0053904797
127408,2228004411,2026-03-25,TOTAL,22018.0,110.09,accepted,verified,21978.521,14.7670765,0.0017962316,0.0050538424
128601,3403003406,2026-03-25,TOTAL,23345.0,116.725,disputed,verified,23479.283,88.77663,-0.0057192207,0.006245902
128602,3401003407,2026-03-25,TOTAL,23863.0,119.315,accepted,verified,23812.736,222.91406,0.0021107895,0.010617739
128603,3404004154,2026-03-25,TOTAL,5689.0,28.445,accepted,verified,5696.979,46.38343,-0.0014005676,0.009550825
128604,1734003405,2026-03-25,TOTAL,2738.0,13.69,accepted,verified,2738.0,0.0,0.0,0.005
128605,3402001977,2026-03-25,TOTAL,2284.0,11.42,accepted,dismissed,2286.433,39.79706,-0.001064149,0.018108191
128606,5507003408,2026-03-25,TOTAL,6044.0,30.22,accepted,dismissed,6028.9863,83.7613,0.002490248,0.014769659
128607,10253010254,2026-03-25,TOTAL,344.0,1.72,accepted,verified,343.9514,5.1130896,0.0001413412,0.015684294
129001,4411004172,2026-03-25,TOTAL,15147.0,75.735,accepted,verified,15227.317,19.967194,-0.005274559,0.0051435796
129002,4412004169,2026-03-25,TOTAL,14991.0,74.955,accepted,verified,15067.244,25.574091,-0.005060258,0.0052562878
129003,4413001624,2026-03-25,TOTAL,8603.0,43.015,accepted,verified,8647.965,34.024025,-0.005199471,0.006341902
129004,2999004170,2026-03-25,TOTAL,7287.0,36.435,accepted,verified,7283.8115,15.064986,0.00043774836,0.005412919
129005,4410003236,2026-03-25,TOTAL,6794.0,33.97,accepted,verified,6811.183,24.378788,-0.0025227785,0.006138803
129006,1170004171,2026-03-25,TOTAL,8373.0,41.865,accepted,verified,8401.215,22.515902,-0.0033584242,0.0056581954
129007,4412004169,2026-03-25,TOTAL,14929.0,74.645,accepted,rejected,15067.244,25.574091,-0.009175144,0.0052368194
129008,4412004169,2026-03-25,TOTAL,14980.0,74.9,accepted,verified,15067.244,25.574091,-0.0057903184,0.0052528325
129009,4411004172,2026-03-25,TOTAL,15197.0,75.985,accepted,verified,15227.317,19.967194,-0.0019909865,0.0051594567
129010,4413001624,2026-03-25,TOTAL,8873.0,44.365,accepted,rejected,8647.965,34.024025,0.026021747,0.006465063
129101,1510001516,2026-03-25,TOTAL,20946.0,104.73,accepted,verified,20896.21,33.279736,0.0023826838,0.0052588703
129102,1511001513,2026-03-25,TOTAL,19801.0,99.005,disputed,rejected,20338.0,0.0,-0.026403775,0.004867981
129103,1512004321,2026-03-25,TOTAL,2525.0,12.625,accepted,verified,2525.0,0.0,0.0,0.005
129104,3002001514,2026-03-25,TOTAL,2524.0,12.62,held,rejected,3155.8367,87.30835,-0.20021209,0.027953194
129105,1509004320,2026-03-25,TOTAL,2706.0,13.53,accepted,verified,2704.9797,9.106617,0.0003771798,0.00602934
129106,3001001515,2026-03-25,TOTAL,3362.0,16.81,held,rejected,1893.162,34.5768,0.77586496,0.020308074
129503,5618005538,2026-03-25,TOTAL,3656.0,18.28,accepted,verified,3654.388,12.652899,0.0004411301,0.006083599
129504,1674005619,2026-03-25,TOTAL,3441.0,17.205,accepted,verified,3441.0,0.0,0.0,0.005
129505,5614005620,2026-03-25,TOTAL,19133.0,95.665,held,unresolved,,,,
129506,5617005615,2026-03-25,TOTAL,20816.0,104.08,accepted,verified,20763.742,30.891008,0.002516782,0.0052287052
153301,4543003066,2026-03-25,TOTAL,24215.0,121.075,accepted,rejected,23713.521,30.030941,0.021147367,0.00526045
153302,4548004545,2026-03-25,TOTAL,9571.0,47.855,accepted,dismissed,9483.736,59.070366,0.009201402,0.008016083
153303,4550004157,2026-03-25,TOTAL,12875.0,64.375,accepted,verified,12884.537,55.832054,-0.00074019807,0.0066136336
153401,4543003066,2026-03-25,TOTAL,23829.0,119.145,accepted,verified,23713.521,30.030941,0.004869733,0.0051814923
153402,4548004545,2026-03-25,TOTAL,9639.0,48.195,accepted,rejected,9483.736,59.070366,0.016371572,0.0080387
153403,4550004157,2026-03-25,TOTAL,12930.0,64.65,accepted,verified,12884.537,55.832054,0.0035284846,0.0066297725
153501,3068002224,2026-03-25,TOTAL,24252.0,121.26,held,rejected,24735.316,34.663494,-0.019539528,0.005098669
153502,2229003069,2026-03-25,TOTAL,24966.0,124.83,held,rejected,25429.758,46.70951,-0.018236816,0.0052412148
153601,3068002224,2026-03-25,TOTAL,24612.0,123.06,accepted,verified,24735.316,34.663494,-0.0049854387,0.005168675
153602,2229003069,2026-03-25,TOTAL,25422.0,127.11,accepted,verified,25429.758,46.70951,-0.00030506827,0.005325279
153701,3068002224,2026-03-25,TOTAL,24712.0,123.56,accepted,verified,24735.316,34.663494,-0.0009426363,0.0051881354
153801,4169002225,2026-03-25,TOTAL,22001.0,110.005,accepted,rejected,22293.67,37.34677,-0.013127938,0.0052109757
153901,2228004411,2026-03-25,TOTAL,22005.0,110.025,accepted,verified,21978.521,14.7670765,0.001204745,0.0050509116
153902,4169002225,2026-03-25,TOTAL,22573.0,112.865,accepted,rejected,22293.67,37.34677,0.012529569,0.005332613
154001,2228004411,2026-03-25,TOTAL,22068.0,110.34,accepted,verified,21978.521,14.7670765,0.00407118,0.0050651166
154002,4169002225,2026-03-25,TOTAL,22280.0,111.4,accepted,verified,22293.67,37.34677,-0.00061317504,0.0052702664
154101,4172001510,2026-03-25,TOTAL,22919.0,114.595,disputed,rejected,23587.838,31.306202,-0.028355202,0.0050362535
154201,1513004412,2026-03-25,TOTAL,23559.0,117.795,accepted,verified,23661.893,29.654282,-0.004348451,0.005133584
154202,4172001510,2026-03-25,TOTAL,10085.0,50.425,accepted,rejected,23587.838,31.306202,-0.57244915,0.0025162473
154301,357001511,2026-03-25,TOTAL,23169.0,115.845,accepted,rejected,22994.922,126.164474,0.0075702854,0.00744869
154401,357001511,2026-03-25,TOTAL,23027.0,115.135,disputed,verified,22994.922,126.164474,0.0013950091,0.007427842
154501,1516003560,2026-03-25,TOTAL,22887.0,114.435,accepted,verified,22791.896,94.37743,0.0041726897,0.006508115
158201,4546004544,2026-03-25,TOTAL,19001.0,95.005,accepted,verified,19060.418,39.013466,-0.0031173488,0.0053883106
159201,4172001510,2026-03-25,TOTAL,23534.0,117.67,accepted,verified,23587.838,31.306202,-0.0022824428,0.005162123
159202,1513004412,2026-03-25,TOTAL,23711.0,118.555,accepted,verified,23661.893,29.654282,0.0020753802,0.005164738
159301,4172001510,2026-03-25,TOTAL,23699.0,118.495,accepted,verified,23587.838,31.306202,0.0047126873,0.005195931
159302,1513004412,2026-03-25,TOTAL,23787.0,118.935,accepted,verified,23661.893,29.654282,0.0052872957,0.0051803184
159401,4172001510,2026-03-25,TOTAL,23564.0,117.82,accepted,verified,23587.838,31.306202,-0.001010601,0.005168269
159402,1513004412,2026-03-25,TOTAL,23632.0,118.16,accepted,verified,23661.893,29.654282,-0.0012633215,0.0051485444
159501,3068002224,2026-03-25,TOTAL,23071.0,115.355,held,rejected,24735.316,34.663494,-0.06728502,0.004869578
159502,2229003069,2026-03-25,TOTAL,25491.0,127.455,held,verified,25429.758,46.70951,0.0024082882,0.0053380155
159601,3248002538,2026-03-25,TOTAL,30786.0,153.93,accepted,verified,30638.834,22.54376,0.004803251,0.0050776103
159602,3247001978,2026-03-25,TOTAL,1386.0,6.93,accepted,verified,1386.0007,0.011968312,-5.284426e-07,0.005000005
159603,3468002537,2026-03-25,TOTAL,1578.0,7.89,accepted,verified,1577.6373,7.4339533,0.0002298823,0.006871331
159701,3068002224,2026-03-25,TOTAL,24697.0,123.485,accepted,verified,24735.316,34.663494,-0.0015490566,0.0051852157
159702,2229003069,2026-03-25,TOTAL,25391.0,126.955,accepted,verified,25429.758,46.70951,-0.0015241125,0.005319559
159801,3469002540,2026-03-25,TOTAL,2076.0,10.38,accepted,verified,2076.0295,0.53988785,-1.4229574e-05,0.0050066872
159803,2533002539,2026-03-25,TOTAL,30235.0,151.175,accepted,verified,30241.275,2.9123638,-0.00020751078,0.00499989
159804,2538001897,2026-03-25,TOTAL,32158.0,160.79,accepted,verified,32225.586,38.787106,-0.0020972756,0.0051326333
169601,4172001510,2026-03-25,TOTAL,23659.0,118.295,accepted,verified,23587.838,31.306202,0.0030168984,0.0051877336
169602,1513004412,2026-03-25,TOTAL,23749.0,118.745,accepted,verified,23661.893,29.654282,0.003681338,0.005172528
169701,4172001510,2026-03-25,TOTAL,23580.0,117.9,accepted,verified,23587.838,31.306202,-0.00033228524,0.0051715467
169702,1513004412,2026-03-25,TOTAL,23683.0,118.415,accepted,verified,23661.893,29.654282,0.0008920428,0.005158998
190101,3339003401,2026-03-25,TOTAL,26486.0,132.43,accepted,dismissed,26152.334,197.33875,0.012758556,0.009087365
